Workbook

Sheet Positions
A1: Chapter | B1: Name | C1: Ticker | D1: Date | E1: Volume | F1: Price | G1: Value | H1: Expected Return QoQ% | I1: Volatility | J1: Ranking | K1: Mix % | L1: W/Avg Volatility | M1: Target Price | N1: Target Value | O1: Close Price | P1: Actual Value | Q1: Actual P&L | R1: Tolerance | S1: Unit Profit | T1: Unit Half Loss | U1: Balance Risk | V1: Normalized Risk | W1: Risk Mix | X1: Normalized Risk %
A2: Energy | B2: APA | C2: APA | D2: 45627 | E2: 2.2953 | F2: 21.78 | G2: =E2*F2 -> 49.991634 | H2: =IFERROR(INDEX(Sheet1!$B:$C,MATCH(Positions!$C2,Sheet1!$G:$G,0),1),2.5%) -> -0.0874 | I2: =IFERROR(INDEX(Sheet1!$B:$C,MATCH(Positions!$C2,Sheet1!$G:$G,0),2),25%) -> 0.6039 | J2: =IFERROR(H2/I2,"") -> -0.14472595 | K2: =IFERROR(J2/SUBTOTAL(9,$J$2:$J$1048576),"") -> -0.13020843 | L2: =I2*G2 -> 30.189948 | M2: =IF((1+H2)*F2<0,0,(1+H2)*F2) -> 19.876428 | N2: =M2*E2 -> 45.622365 | O2: {=_xlfn.STOCKHISTORY(C2,TODAY(),TODAY(),0,0,1)} -> 23.59 | P2: =IFERROR(O2*E2,G2) -> 54.146127 | Q2: =P2-G2 -> 4.154493 | R2: =F2/(1+I2-H2) -> 12.877668 | S2: =M2-F2 -> -1.903572 | T2: =0.5*(R2-F2) -> -4.451166 | U2: =S2+T2 -> -6.354738 | V2: =MAX($U$2:$U$280)-U2 -> 166.62691 | W2: =IFERROR((SUBTOTAL(109,$V$2:$V$1048576)/V2)/SUBTOTAL(109,$V$2:$V$1048576),0) -> 0.0060014315 | X2: =V2/MAX($V$2:$V$28) -> 0.95097174
A3: ETF | B3: Robotics & AI | C3: BOTZ.UK | D3: 45481 | E3: 2 | F3: =45.12/2 -> 22.56 | G3: =E3*F3 -> 45.12 | H3: 0.035 | I3: 0.165 | J3: =IFERROR(H3/I3,"") -> 0.21212121 | K3: =IFERROR(J3/SUBTOTAL(9,$J$2:$J$1048576),"") -> 0.19084325 | L3: =I3*G3 -> 7.4448 | M3: =IF((1+H3)*F3<0,0,(1+H3)*F3) -> 23.3496 | N3: =M3*E3 -> 46.6992 | O3: 22.65 | P3: =IFERROR(O3*E3,G3) -> 45.3 | Q3: =P3-G3 -> 0.18 | R3: =F3/(1+I3-H3) -> 19.964602 | S3: =M3-F3 -> 0.7896 | T3: =0.5*(R3-F3) -> -1.2976991 | U3: =S3+T3 -> -0.50809912 | V3: =MAX($U$2:$U$280)-U3 -> 160.78027 | W3: =IFERROR((SUBTOTAL(109,$V$2:$V$1048576)/V3)/SUBTOTAL(109,$V$2:$V$1048576),0) -> 0.0062196685 | X3: =V3/MAX($V$2:$V$28) -> 0.91760385
A4: ETF | B4: Batterey Value-Chain | C4: BATT.NL | D4: 45481 | E4: 2 | F4: 16.399 | G4: =E4*F4 -> 32.798 | H4: 0.035 | I4: 0.165 | J4: =IFERROR(H4/I4,"") -> 0.21212121 | K4: =IFERROR(J4/SUBTOTAL(9,$J$2:$J$1048576),"") -> 0.19084325 | L4: =I4*G4 -> 5.41167 | M4: =IF((1+H4)*F4<0,0,(1+H4)*F4) -> 16.972965 | N4: =M4*E4 -> 33.94593 | O4: {=_xlfn.STOCKHISTORY(C4,TODAY(),TODAY(),0,0,1)} -> 16.8746 | P4: =IFERROR(O4*E4,G4) -> 33.7492 | Q4: =P4-G4 -> 0.9512 | R4: =F4/(1+I4-H4) -> 14.512389 | S4: =M4-F4 -> 0.573965 | T4: =0.5*(R4-F4) -> -0.94330531 | U4: =S4+T4 -> -0.36934031 | V4: =MAX($U$2:$U$280)-U4 -> 160.64151 | W4: =IFERROR((SUBTOTAL(109,$V$2:$V$1048576)/V4)/SUBTOTAL(109,$V$2:$V$1048576),0) -> 0.0062250409 | X4: =V4/MAX($V$2:$V$28) -> 0.91681193
A5: US Consumer | B5: Albertson Companies | C5: ACI | D5: 45630 | E5: 2 | F5: 20.5 | G5: =E5*F5 -> 41 | H5: =IFERROR(INDEX(Sheet1!$B:$C,MATCH(Positions!$C5,Sheet1!$G:$G,0),1),2.5%) -> 0.1493 | I5: =IFERROR(INDEX(Sheet1!$B:$C,MATCH(Positions!$C5,Sheet1!$G:$G,0),2),25%) -> 0.3157 | J5: =IFERROR(H5/I5,"") -> 0.47291733 | K5: =IFERROR(J5/SUBTOTAL(9,$J$2:$J$1048576),"") -> 0.4254788 | L5: =I5*G5 -> 12.9437 | M5: =IF((1+H5)*F5<0,0,(1+H5)*F5) -> 23.56065 | N5: =M5*E5 -> 47.1213 | O5: 20.52 | P5: =IFERROR(O5*E5,G5) -> 41.04 | Q5: =P5-G5 -> 0.04 | R5: =F5/(1+I5-H5) -> 17.575446 | S5: =M5-F5 -> 3.06065 | T5: =0.5*(R5-F5) -> -1.4622771 | U5: =S5+T5 -> 1.5983729 | V5: =MAX($U$2:$U$280)-U5 -> 158.6738 | W5: =IFERROR((SUBTOTAL(109,$V$2:$V$1048576)/V5)/SUBTOTAL(109,$V$2:$V$1048576),0) -> 0.0063022376 | X5: =V5/MAX($V$2:$V$28) -> 0.90558181
A6: Banking | B6: ING Group NV | C6: ING | D6: 45623 | E6: 1.9595 | F6: 15.3 | G6: =E6*F6 -> 29.98035 | H6: =IFERROR(INDEX(Sheet1!$B:$C,MATCH(Positions!$C6,Sheet1!$G:$G,0),1),2.5%) -> 0.0705 | I6: =IFERROR(INDEX(Sheet1!$B:$C,MATCH(Positions!$C6,Sheet1!$G:$G,0),2),25%) -> 0.3526 | J6: =IFERROR(H6/I6,"") -> 0.19994328 | K6: =IFERROR(J6/SUBTOTAL(9,$J$2:$J$1048576),"") -> 0.17988689 | L6: =I6*G6 -> 10.571071 | M6: =IF((1+H6)*F6<0,0,(1+H6)*F6) -> 16.37865 | N6: =M6*E6 -> 32.093965 | O6: 17.03 | P6: =IFERROR(O6*E6,G6) -> 33.370285 | Q6: =P6-G6 -> 3.389935 | R6: =F6/(1+I6-H6) -> 11.933547 | S6: =M6-F6 -> 1.07865 | T6: =0.5*(R6-F6) -> -1.6832267 | U6: =S6+T6 -> -0.60457674 | V6: =MAX($U$2:$U$280)-U6 -> 160.87675 | W6: =IFERROR((SUBTOTAL(109,$V$2:$V$1048576)/V6)/SUBTOTAL(109,$V$2:$V$1048576),0) -> 0.0062159386 | X6: =V6/MAX($V$2:$V$28) -> 0.91815447
A7: US Consumer | B7: Altaria | C7: MO | D7: 45553 | E7: 1.7346 | F7: 51.88 | G7: =E7*F7 -> 89.991048 | H7: =IFERROR(INDEX(Sheet1!$B:$C,MATCH(Positions!$C7,Sheet1!$G:$G,0),1),2.5%) -> 0.0588 | I7: =IFERROR(INDEX(Sheet1!$B:$C,MATCH(Positions!$C7,Sheet1!$G:$G,0),2),25%) -> 0.226 | J7: =IFERROR(H7/I7,"") -> 0.26017699 | K7: =IFERROR(J7/SUBTOTAL(9,$J$2:$J$1048576),"") -> 0.23407853 | L7: =I7*G7 -> 20.337977 | M7: =IF((1+H7)*F7<0,0,(1+H7)*F7) -> 54.930544 | N7: =M7*E7 -> 95.282522 | O7: {=_xlfn.STOCKHISTORY(C7,TODAY(),TODAY(),0,0,1)} -> 53.34 | P7: =IFERROR(O7*E7,G7) -> 92.523564 | Q7: =P7-G7 -> 2.532516 | R7: =F7/(1+I7-H7) -> 44.448252 | S7: =M7-F7 -> 3.050544 | T7: =0.5*(R7-F7) -> -3.7158739 | U7: =S7+T7 -> -0.66532989 | V7: =MAX($U$2:$U$280)-U7 -> 160.9375 | W7: =IFERROR((SUBTOTAL(109,$V$2:$V$1048576)/V7)/SUBTOTAL(109,$V$2:$V$1048576),0) -> 0.0062135921 | X7: =V7/MAX($V$2:$V$28) -> 0.9185012
A8: Energy | B8: YPF | C8: YPF | D8: 45627 | E8: 1.2354 | F8: 40.49 | G8: =E8*F8 -> 50.021346 | H8: =IFERROR(INDEX(Sheet1!$B:$C,MATCH(Positions!$C8,Sheet1!$G:$G,0),1),2.5%) -> 0.0419 | I8: =IFERROR(INDEX(Sheet1!$B:$C,MATCH(Positions!$C8,Sheet1!$G:$G,0),2),25%) -> 0.5351 | J8: =IFERROR(H8/I8,"") -> 0.078303121 | K8: =IFERROR(J8/SUBTOTAL(9,$J$2:$J$1048576),"") -> 0.070448503 | L8: =I8*G8 -> 26.766422 | M8: =IF((1+H8)*F8<0,0,(1+H8)*F8) -> 42.186531 | N8: =M8*E8 -> 52.11724 | O8: {=_xlfn.STOCKHISTORY(C8,TODAY(),TODAY(),0,0,1)} -> 37.11 | P8: =IFERROR(O8*E8,G8) -> 45.845694 | Q8: =P8-G8 -> -4.175652 | R8: =F8/(1+I8-H8) -> 27.11626 | S8: =M8-F8 -> 1.696531 | T8: =0.5*(R8-F8) -> -6.6868698 | U8: =S8+T8 -> -4.9903388 | V8: =MAX($U$2:$U$280)-U8 -> 165.26251 | W8: =IFERROR((SUBTOTAL(109,$V$2:$V$1048576)/V8)/SUBTOTAL(109,$V$2:$V$1048576),0) -> 0.006050979 | X8: =V8/MAX($V$2:$V$28) -> 0.94318486
A9: ETF | B9: Emergin Markets | C9: VWO.US | D9: 45688 | E9: 1 | F9: 44.24 | G9: =E9*F9 -> 44.24 | H9: 0.062 | I9: 0.261 | J9: =IFERROR(H9/I9,"") -> 0.23754789 | K9: =IFERROR(J9/SUBTOTAL(9,$J$2:$J$1048576),"") -> 0.21371937 | L9: =I9*G9 -> 11.54664 | M9: =IF((1+H9)*F9<0,0,(1+H9)*F9) -> 46.98288 | N9: =M9*E9 -> 46.98288 | O9: {=_xlfn.STOCKHISTORY(C9,TODAY(),TODAY(),0,0,1)} -> 45.97 | P9: =IFERROR(O9*E9,G9) -> 45.97 | Q9: =P9-G9 -> 1.73 | R9: =F9/(1+I9-H9) -> 36.897415 | S9: =M9-F9 -> 2.74288 | T9: =0.5*(R9-F9) -> -3.6712927 | U9: =S9+T9 -> -0.92841274 | V9: =MAX($U$2:$U$280)-U9 -> 161.20059 | W9: =IFERROR((SUBTOTAL(109,$V$2:$V$1048576)/V9)/SUBTOTAL(109,$V$2:$V$1048576),0) -> 0.0062034514 | X9: =V9/MAX($V$2:$V$28) -> 0.92000266
A10: ETF | B10: Bitcoin ETF | C10: VBTC.DE | D10: 45481 | E10: 1 | F10: 48.68 | G10: =E10*F10 -> 48.68 | H10: 0.038 | I10: 0.169 | J10: =IFERROR(H10/I10,"") -> 0.22485207 | K10: =IFERROR(J10/SUBTOTAL(9,$J$2:$J$1048576),"") -> 0.20229707 | L10: =I10*G10 -> 8.22692 | M10: =IF((1+H10)*F10<0,0,(1+H10)*F10) -> 50.52984 | N10: =M10*E10 -> 50.52984 | O10: {=_xlfn.STOCKHISTORY(C10,TODAY(),TODAY(),0,0,1)} -> 49.3 | P10: =IFERROR(O10*E10,G10) -> 49.3 | Q10: =P10-G10 -> 0.62 | R10: =F10/(1+I10-H10) -> 43.041556 | S10: =M10-F10 -> 1.84984 | T10: =0.5*(R10-F10) -> -2.8192219 | U10: =S10+T10 -> -0.96938193 | V10: =MAX($U$2:$U$280)-U10 -> 161.24156 | W10: =IFERROR((SUBTOTAL(109,$V$2:$V$1048576)/V10)/SUBTOTAL(109,$V$2:$V$1048576),0) -> 0.0062018752 | X10: =V10/MAX($V$2:$V$28) -> 0.92023648
A11: ETF | B11: ETF5 | C11: BONDS | D11: 45481 | E11: 1 | F11: 51.28 | G11: =E11*F11 -> 51.28 | H11: 0.038 | I11: 0.169 | J11: =IFERROR(H11/I11,"") -> 0.22485207 | K11: =IFERROR(J11/SUBTOTAL(9,$J$2:$J$1048576),"") -> 0.20229707 | L11: =I11*G11 -> 8.66632 | M11: =IF((1+H11)*F11<0,0,(1+H11)*F11) -> 53.22864 | N11: =M11*E11 -> 53.22864 | O11: 51.28 | P11: =IFERROR(O11*E11,G11) -> 51.28 | Q11: =P11-G11 -> 0 | R11: =F11/(1+I11-H11) -> 45.340407 | S11: =M11-F11 -> 1.94864 | T11: =0.5*(R11-F11) -> -2.9697966 | U11: =S11+T11 -> -1.0211566 | V11: =MAX($U$2:$U$280)-U11 -> 161.29333 | W11: =IFERROR((SUBTOTAL(109,$V$2:$V$1048576)/V11)/SUBTOTAL(109,$V$2:$V$1048576),0) -> 0.0061998844 | X11: =V11/MAX($V$2:$V$28) -> 0.92053197
A12: Energy | B12: NextEra Energy | C12: NEE | D12: 45511 | E12: 0.7461 | F12: 73.7 | G12: =E12*F12 -> 54.98757 | H12: =IFERROR(INDEX(Sheet1!$B:$C,MATCH(Positions!$C12,Sheet1!$G:$G,0),1),2.5%) -> 0.1212 | I12: =IFERROR(INDEX(Sheet1!$B:$C,MATCH(Positions!$C12,Sheet1!$G:$G,0),2),25%) -> 0.2454 | J12: =IFERROR(H12/I12,"") -> 0.49388753 | K12: =IFERROR(J12/SUBTOTAL(9,$J$2:$J$1048576),"") -> 0.44434547 | L12: =I12*G12 -> 13.49395 | M12: =IF((1+H12)*F12<0,0,(1+H12)*F12) -> 82.63244 | N12: =M12*E12 -> 61.652063 | O12: {=_xlfn.STOCKHISTORY(C12,TODAY(),TODAY(),0,0,1)} -> 69.06 | P12: =IFERROR(O12*E12,G12) -> 51.525666 | Q12: =P12-G12 -> -3.461904 | R12: =F12/(1+I12-H12) -> 65.55773 | S12: =M12-F12 -> 8.93244 | T12: =0.5*(R12-F12) -> -4.071135 | U12: =S12+T12 -> 4.861305 | V12: =MAX($U$2:$U$280)-U12 -> 155.41087 | W12: =IFERROR((SUBTOTAL(109,$V$2:$V$1048576)/V12)/SUBTOTAL(109,$V$2:$V$1048576),0) -> 0.0064345564 | X12: =V12/MAX($V$2:$V$28) -> 0.88695964
A13: Energy | B13: Excelon | C13: EXC | D13: 45627 | E13: 0.5204 | F13: 40.34 | G13: =E13*F13 -> 20.992936 | H13: =IFERROR(INDEX(Sheet1!$B:$C,MATCH(Positions!$C13,Sheet1!$G:$G,0),1),2.5%) -> 0.0869 | I13: =IFERROR(INDEX(Sheet1!$B:$C,MATCH(Positions!$C13,Sheet1!$G:$G,0),2),25%) -> 0.2453 | J13: =IFERROR(H13/I13,"") -> 0.35426009 | K13: =IFERROR(J13/SUBTOTAL(9,$J$2:$J$1048576),"") -> 0.31872412 | L13: =I13*G13 -> 5.1495672 | M13: =IF((1+H13)*F13<0,0,(1+H13)*F13) -> 43.845546 | N13: =M13*E13 -> 22.817222 | O13: {=_xlfn.STOCKHISTORY(C13,TODAY(),TODAY(),0,0,1)} -> 42.65 | P13: =IFERROR(O13*E13,G13) -> 22.19506 | Q13: =P13-G13 -> 1.202124 | R13: =F13/(1+I13-H13) -> 34.823895 | S13: =M13-F13 -> 3.505546 | T13: =0.5*(R13-F13) -> -2.7580525 | U13: =S13+T13 -> 0.74749351 | V13: =MAX($U$2:$U$280)-U13 -> 159.52468 | W13: =IFERROR((SUBTOTAL(109,$V$2:$V$1048576)/V13)/SUBTOTAL(109,$V$2:$V$1048576),0) -> 0.0062686225 | X13: =V13/MAX($V$2:$V$28) -> 0.91043795
A14: US Consumer | B14: Kimberly Clark | C14: KMB | D14: 45544 | E14: 0.5138 | F14: 138.53 | G14: =E14*F14 -> 71.176714 | H14: =IFERROR(INDEX(Sheet1!$B:$C,MATCH(Positions!$C14,Sheet1!$G:$G,0),1),2.5%) -> 0.0502 | I14: =IFERROR(INDEX(Sheet1!$B:$C,MATCH(Positions!$C14,Sheet1!$G:$G,0),2),25%) -> 0.2001 | J14: =IFERROR(H14/I14,"") -> 0.25087456 | K14: =IFERROR(J14/SUBTOTAL(9,$J$2:$J$1048576),"") -> 0.22570923 | L14: =I14*G14 -> 14.24246 | M14: =IF((1+H14)*F14<0,0,(1+H14)*F14) -> 145.48421 | N14: =M14*E14 -> 74.749785 | O14: {=_xlfn.STOCKHISTORY(C14,TODAY(),TODAY(),0,0,1)} -> 137.93 | P14: =IFERROR(O14*E14,G14) -> 70.868434 | Q14: =P14-G14 -> -0.30828 | R14: =F14/(1+I14-H14) -> 120.47135 | S14: =M14-F14 -> 6.954206 | T14: =0.5*(R14-F14) -> -9.0293273 | U14: =S14+T14 -> -2.0751213 | V14: =MAX($U$2:$U$280)-U14 -> 162.3473 | W14: =IFERROR((SUBTOTAL(109,$V$2:$V$1048576)/V14)/SUBTOTAL(109,$V$2:$V$1048576),0) -> 0.0061596345 | X14: =V14/MAX($V$2:$V$28) -> 0.92654715
A15: US Consumer | B15: Pepsi | C15: PEP | D15: 45460 | E15: 0.5124 | F15: 157.99 | G15: =E15*F15 -> 80.954076 | H15: =IFERROR(INDEX(Sheet1!$B:$C,MATCH(Positions!$C15,Sheet1!$G:$G,0),1),2.5%) -> 0.0659 | I15: =IFERROR(INDEX(Sheet1!$B:$C,MATCH(Positions!$C15,Sheet1!$G:$G,0),2),25%) -> 0.1875 | J15: =IFERROR(H15/I15,"") -> 0.35146667 | K15: =IFERROR(J15/SUBTOTAL(9,$J$2:$J$1048576),"") -> 0.3162109 | L15: =I15*G15 -> 15.178889 | M15: =IF((1+H15)*F15<0,0,(1+H15)*F15) -> 168.40154 | N15: =M15*E15 -> 86.28895 | O15: {=_xlfn.STOCKHISTORY(C15,TODAY(),TODAY(),0,0,1)} -> 139.5 | P15: =IFERROR(O15*E15,G15) -> 71.4798 | Q15: =P15-G15 -> -9.474276 | R15: =F15/(1+I15-H15) -> 140.86127 | S15: =M15-F15 -> 10.411541 | T15: =0.5*(R15-F15) -> -8.5643652 | U15: =S15+T15 -> 1.8471758 | V15: =MAX($U$2:$U$280)-U15 -> 158.425 | W15: =IFERROR((SUBTOTAL(109,$V$2:$V$1048576)/V15)/SUBTOTAL(109,$V$2:$V$1048576),0) -> 0.0063121351 | X15: =V15/MAX($V$2:$V$28) -> 0.90416185
A16: Tech | B16: TSMC | C16: TSM | D16: 45484 | E16: 0.4108 | F16: 189.76 | G16: =E16*F16 -> 77.953408 | H16: =IFERROR(INDEX(Sheet1!$B:$C,MATCH(Positions!$C16,Sheet1!$G:$G,0),1),2.5%) -> 0.2418 | I16: =IFERROR(INDEX(Sheet1!$B:$C,MATCH(Positions!$C16,Sheet1!$G:$G,0),2),25%) -> 0.3223 | J16: =IFERROR(H16/I16,"") -> 0.7502327 | K16: =IFERROR(J16/SUBTOTAL(9,$J$2:$J$1048576),"") -> 0.67497656 | L16: =I16*G16 -> 25.124383 | M16: =IF((1+H16)*F16<0,0,(1+H16)*F16) -> 235.64397 | N16: =M16*E16 -> 96.802542 | O16: {=_xlfn.STOCKHISTORY(C16,TODAY(),TODAY(),0,0,1)} -> 200.95 | P16: =IFERROR(O16*E16,G16) -> 82.55026 | Q16: =P16-G16 -> 4.596852 | R16: =F16/(1+I16-H16) -> 175.6224 | S16: =M16-F16 -> 45.883968 | T16: =0.5*(R16-F16) -> -7.0688015 | U16: =S16+T16 -> 38.815167 | V16: =MAX($U$2:$U$280)-U16 -> 121.45701 | W16: =IFERROR((SUBTOTAL(109,$V$2:$V$1048576)/V16)/SUBTOTAL(109,$V$2:$V$1048576),0) -> 0.008233366 | X16: =V16/MAX($V$2:$V$28) -> 0.69317844
A17: Asia Consumer | B17: Ingredion | C17: INGR | D17: 45580 | E17: 0.3486 | F17: 131.91 | G17: =E17*F17 -> 45.983826 | H17: =IFERROR(INDEX(Sheet1!$B:$C,MATCH(Positions!$C17,Sheet1!$G:$G,0),1),2.5%) -> 0.0695 | I17: =IFERROR(INDEX(Sheet1!$B:$C,MATCH(Positions!$C17,Sheet1!$G:$G,0),2),25%) -> 0.2543 | J17: =IFERROR(H17/I17,"") -> 0.27329925 | K17: =IFERROR(J17/SUBTOTAL(9,$J$2:$J$1048576),"") -> 0.24588449 | L17: =I17*G17 -> 11.693687 | M17: =IF((1+H17)*F17<0,0,(1+H17)*F17) -> 141.07775 | N17: =M17*E17 -> 49.179702 | O17: {=_xlfn.STOCKHISTORY(C17,TODAY(),TODAY(),0,0,1)} -> 126.91 | P17: =IFERROR(O17*E17,G17) -> 44.240826 | Q17: =P17-G17 -> -1.743 | R17: =F17/(1+I17-H17) -> 111.33525 | S17: =M17-F17 -> 9.167745 | T17: =0.5*(R17-F17) -> -10.287377 | U17: =S17+T17 -> -1.1196318 | V17: =MAX($U$2:$U$280)-U17 -> 161.39181 | W17: =IFERROR((SUBTOTAL(109,$V$2:$V$1048576)/V17)/SUBTOTAL(109,$V$2:$V$1048576),0) -> 0.0061961014 | X17: =V17/MAX($V$2:$V$28) -> 0.92109399
A18: Health | B18: Agios | C18: AGIO | D18: 45630 | E18: 0.2875 | F18: 34.78 | G18: =E18*F18 -> 9.99925 | H18: =IFERROR(INDEX(Sheet1!$B:$C,MATCH(Positions!$C18,Sheet1!$G:$G,0),1),2.5%) -> -0.1268 | I18: =IFERROR(INDEX(Sheet1!$B:$C,MATCH(Positions!$C18,Sheet1!$G:$G,0),2),25%) -> 0.5861 | J18: =IFERROR(H18/I18,"") -> -0.21634533 | K18: =IFERROR(J18/SUBTOTAL(9,$J$2:$J$1048576),"") -> -0.19464365 | L18: =I18*G18 -> 5.8605604 | M18: =IF((1+H18)*F18<0,0,(1+H18)*F18) -> 30.369896 | N18: =M18*E18 -> 8.7313451 | O18: {=_xlfn.STOCKHISTORY(C18,TODAY(),TODAY(),0,0,1)} -> 34.02 | P18: =IFERROR(O18*E18,G18) -> 9.78075 | Q18: =P18-G18 -> -0.2185 | R18: =F18/(1+I18-H18) -> 20.304746 | S18: =M18-F18 -> -4.410104 | T18: =0.5*(R18-F18) -> -7.2376268 | U18: =S18+T18 -> -11.647731 | V18: =MAX($U$2:$U$280)-U18 -> 171.9199 | W18: =IFERROR((SUBTOTAL(109,$V$2:$V$1048576)/V18)/SUBTOTAL(109,$V$2:$V$1048576),0) -> 0.0058166621 | X18: =V18/MAX($V$2:$V$28) -> 0.98117987
A19: Energy | B19: First Solar | C19: FSLR | D19: 45511 | E19: 0.2517 | F19: 178.56 | G19: =E19*F19 -> 44.943552 | H19: =IFERROR(INDEX(Sheet1!$B:$C,MATCH(Positions!$C19,Sheet1!$G:$G,0),1),2.5%) -> 0.123 | I19: =IFERROR(INDEX(Sheet1!$B:$C,MATCH(Positions!$C19,Sheet1!$G:$G,0),2),25%) -> 0.4784 | J19: =IFERROR(H19/I19,"") -> 0.25710702 | K19: =IFERROR(J19/SUBTOTAL(9,$J$2:$J$1048576),"") -> 0.23131651 | L19: =I19*G19 -> 21.500995 | M19: =IF((1+H19)*F19<0,0,(1+H19)*F19) -> 200.52288 | N19: =M19*E19 -> 50.471609 | O19: {=_xlfn.STOCKHISTORY(C19,TODAY(),TODAY(),0,0,1)} -> 162.5 | P19: =IFERROR(O19*E19,G19) -> 40.90125 | Q19: =P19-G19 -> -4.042302 | R19: =F19/(1+I19-H19) -> 131.73971 | S19: =M19-F19 -> 21.96288 | T19: =0.5*(R19-F19) -> -23.410146 | U19: =S19+T19 -> -1.4472661 | V19: =MAX($U$2:$U$280)-U19 -> 161.71944 | W19: =IFERROR((SUBTOTAL(109,$V$2:$V$1048576)/V19)/SUBTOTAL(109,$V$2:$V$1048576),0) -> 0.0061835485 | X19: =V19/MAX($V$2:$V$28) -> 0.92296386
A20: Tech | B20: Apple2 | C20: AAPL | D20: 45482 | E20: 0.0001 | F20: 227.38 | G20: =E20*F20 -> 0.022738 | H20: =IFERROR(INDEX(Sheet1!$B:$C,MATCH(Positions!$C20,Sheet1!$G:$G,0),1),2.5%) -> 0.2092 | I20: =IFERROR(INDEX(Sheet1!$B:$C,MATCH(Positions!$C20,Sheet1!$G:$G,0),2),25%) -> 0.2844 | J20: =IFERROR(H20/I20,"") -> 0.73558368 | K20: =IFERROR(J20/SUBTOTAL(9,$J$2:$J$1048576),"") -> 0.66179699 | L20: =I20*G20 -> 0.0064666872 | M20: =IF((1+H20)*F20<0,0,(1+H20)*F20) -> 274.9479 | N20: =M20*E20 -> 0.02749479 | O20: {=_xlfn.STOCKHISTORY(C20,TODAY(),TODAY(),0,0,1)} -> 244.87 | P20: =IFERROR(O20*E20,G20) -> 0.024487 | Q20: =P20-G20 -> 0.001749 | R20: =F20/(1+I20-H20) -> 211.47693 | S20: =M20-F20 -> 47.567896 | T20: =0.5*(R20-F20) -> -7.9515327 | U20: =S20+T20 -> 39.616363 | V20: =MAX($U$2:$U$280)-U20 -> 120.65581 | W20: =IFERROR((SUBTOTAL(109,$V$2:$V$1048576)/V20)/SUBTOTAL(109,$V$2:$V$1048576),0) -> 0.0082880385 | X20: =V20/MAX($V$2:$V$28) -> 0.68860585
A21: Tech | B21: Microsoft | C21: MSFT | D21: 45574 | E21: 0.1606 | F21: 421.18 | G21: =E21*F21 -> 67.641508 | H21: =IFERROR(INDEX(Sheet1!$B:$C,MATCH(Positions!$C21,Sheet1!$G:$G,0),1),2.5%) -> 0.2412 | I21: =IFERROR(INDEX(Sheet1!$B:$C,MATCH(Positions!$C21,Sheet1!$G:$G,0),2),25%) -> 0.2701 | J21: =IFERROR(H21/I21,"") -> 0.89300259 | K21: =IFERROR(J21/SUBTOTAL(9,$J$2:$J$1048576),"") -> 0.80342514 | L21: =I21*G21 -> 18.269971 | M21: =IF((1+H21)*F21<0,0,(1+H21)*F21) -> 522.76862 | N21: =M21*E21 -> 83.95664 | O21: {=_xlfn.STOCKHISTORY(C21,TODAY(),TODAY(),0,0,1)} -> 414.77 | P21: =IFERROR(O21*E21,G21) -> 66.612062 | Q21: =P21-G21 -> -1.029446 | R21: =F21/(1+I21-H21) -> 409.34979 | S21: =M21-F21 -> 101.58862 | T21: =0.5*(R21-F21) -> -5.9151045 | U21: =S21+T21 -> 95.673512 | V21: =MAX($U$2:$U$280)-U21 -> 64.598663 | W21: =IFERROR((SUBTOTAL(109,$V$2:$V$1048576)/V21)/SUBTOTAL(109,$V$2:$V$1048576),0) -> 0.015480197 | X21: =V21/MAX($V$2:$V$28) -> 0.36867696
A22: Banking | B22: Master Card | C22: MA | D22: 45511 | E22: 0.1294 | F22: 501.56 | G22: =E22*F22 -> 64.901864 | H22: =IFERROR(INDEX(Sheet1!$B:$C,MATCH(Positions!$C22,Sheet1!$G:$G,0),1),2.5%) -> 0.1928 | I22: =IFERROR(INDEX(Sheet1!$B:$C,MATCH(Positions!$C22,Sheet1!$G:$G,0),2),25%) -> 0.2665 | J22: =IFERROR(H22/I22,"") -> 0.72345216 | K22: =IFERROR(J22/SUBTOTAL(9,$J$2:$J$1048576),"") -> 0.65088238 | L22: =I22*G22 -> 17.296347 | M22: =IF((1+H22)*F22<0,0,(1+H22)*F22) -> 598.26077 | N22: =M22*E22 -> 77.414943 | O22: {=_xlfn.STOCKHISTORY(C22,TODAY(),TODAY(),0,0,1)} -> 568.5 | P22: =IFERROR(O22*E22,G22) -> 73.5639 | Q22: =P22-G22 -> 8.662036 | R22: =F22/(1+I22-H22) -> 467.13235 | S22: =M22-F22 -> 96.700768 | T22: =0.5*(R22-F22) -> -17.213827 | U22: =S22+T22 -> 79.486941 | V22: =MAX($U$2:$U$280)-U22 -> 80.785233 | W22: =IFERROR((SUBTOTAL(109,$V$2:$V$1048576)/V22)/SUBTOTAL(109,$V$2:$V$1048576),0) -> 0.0123785 | X22: =V22/MAX($V$2:$V$28) -> 0.46105682
A23: Tech | B23: Google | C23: GOOGL | D23: 45678 | E23: 0.0538 | F23: 185.82 | G23: =E23*F23 -> 9.997116 | H23: =IFERROR(INDEX(Sheet1!$B:$C,MATCH(Positions!$C23,Sheet1!$G:$G,0),1),2.5%) -> 0.1925 | I23: =IFERROR(INDEX(Sheet1!$B:$C,MATCH(Positions!$C23,Sheet1!$G:$G,0),2),25%) -> 0.2854 | J23: =IFERROR(H23/I23,"") -> 0.67449194 | K23: =IFERROR(J23/SUBTOTAL(9,$J$2:$J$1048576),"") -> 0.60683338 | L23: =I23*G23 -> 2.8531769 | M23: =IF((1+H23)*F23<0,0,(1+H23)*F23) -> 221.59035 | N23: =M23*E23 -> 11.921561 | O23: {=_xlfn.STOCKHISTORY(C23,TODAY(),TODAY(),0,0,1)} -> 185.27 | P23: =IFERROR(O23*E23,G23) -> 9.967526 | Q23: =P23-G23 -> -0.02959 | R23: =F23/(1+I23-H23) -> 170.0247 | S23: =M23-F23 -> 35.77035 | T23: =0.5*(R23-F23) -> -7.8976475 | U23: =S23+T23 -> 27.872702 | V23: =MAX($U$2:$U$280)-U23 -> 132.39947 | W23: =IFERROR((SUBTOTAL(109,$V$2:$V$1048576)/V23)/SUBTOTAL(109,$V$2:$V$1048576),0) -> 0.0075529002 | X23: =V23/MAX($V$2:$V$28) -> 0.75562918
... A36: Energy | B36: Canadian Solar | C36: CSIQ | D36: 45511 | E36: 1e-19 | F36: 11.05 | G36: =E36*F36 -> 1.105e-18 | H36: =IFERROR(INDEX(Sheet1!$B:$C,MATCH(Positions!$C36,Sheet1!$G:$G,0),1),2.5%) -> -0.1055 | I36: =IFERROR(INDEX(Sheet1!$B:$C,MATCH(Positions!$C36,Sheet1!$G:$G,0),2),25%) -> 0.5794 | J36: =IFERROR(H36/I36,"") -> -0.18208492 | K36: =IFERROR(J36/SUBTOTAL(9,$J$2:$J$1048576),"") -> -0.1638199 | L36: =I36*G36 -> 6.40237e-19 | M36: =IF((1+H36)*F36<0,0,(1+H36)*F36) -> 9.884225 | N36: =M36*E36 -> 9.884225e-19 | O36: {=_xlfn.STOCKHISTORY(C36,TODAY(),TODAY(),0,0,1)} -> 11.05 | P36: =IFERROR(O36*E36,G36) -> 1.105e-18 | Q36: =P36-G36 -> 0 | R36: =F36/(1+I36-H36) -> 6.5582527 | S36: =M36-F36 -> -1.165775 | T36: =0.5*(R36-F36) -> -2.2458736 | U36: =S36+T36 -> -3.4116486 | V36: =MAX($U$2:$U$280)-U36 -> 163.68382 | W36: =IFERROR((SUBTOTAL(109,$V$2:$V$1048576)/V36)/SUBTOTAL(109,$V$2:$V$1048576),0) -> 0.0061093392 | X36: =V36/MAX($V$2:$V$28) -> 0.93417497
A37: Forex | B37: Gold | C37: GC=F | D37: =TODAY()-20 -> 45687 | E37: 1e-19 | F37: 2742.9 | G37: =E37*F37 -> 2.7429e-16 | H37: =IFERROR(INDEX(Sheet1!$B:$C,MATCH(Positions!$C37,Sheet1!$G:$G,0),1),2.5%) -> 0.0866 | I37: =IFERROR(INDEX(Sheet1!$B:$C,MATCH(Positions!$C37,Sheet1!$G:$G,0),2),25%) -> 0.1463 | J37: =IFERROR(H37/I37,"") -> 0.59193438 | K37: =IFERROR(J37/SUBTOTAL(9,$J$2:$J$1048576),"") -> 0.5325572 | L37: =I37*G37 -> 4.0128627e-17 | M37: =IF((1+H37)*F37<0,0,(1+H37)*F37) -> 2980.4351 | N37: =M37*E37 -> 2.9804351e-16 | O37: {=_xlfn.STOCKHISTORY(C37,TODAY(),TODAY(),0,0,1)} -> 0.7856 | P37: =IFERROR(O37*E37,G37) -> 7.856e-20 | Q37: =P37-G37 -> -2.7421144e-16 | R37: =F37/(1+I37-H37) -> 2588.3741 | S37: =M37-F37 -> 237.53514 | T37: =0.5*(R37-F37) -> -77.262966 | U37: =S37+T37 -> 160.27217 | V37: =MAX($U$2:$U$280)-U37 -> 0 | W37: =IFERROR((SUBTOTAL(109,$V$2:$V$1048576)/V37)/SUBTOTAL(109,$V$2:$V$1048576),0) -> 0 | X37: =V37/MAX($V$2:$V$28) -> 0
A38: US Consumer | B38: Walmart | C38: WMT | D38: 45505 | E38: 1e-19 | F38: 86.6 | G38: =E38*F38 -> 8.66e-18 | H38: =IFERROR(INDEX(Sheet1!$B:$C,MATCH(Positions!$C38,Sheet1!$G:$G,0),1),2.5%) -> 0.1467 | I38: =IFERROR(INDEX(Sheet1!$B:$C,MATCH(Positions!$C38,Sheet1!$G:$G,0),2),25%) -> 0.2108 | J38: =IFERROR(H38/I38,"") -> 0.6959203 | K38: =IFERROR(J38/SUBTOTAL(9,$J$2:$J$1048576),"") -> 0.62611226 | L38: =I38*G38 -> 1.825528e-18 | M38: =IF((1+H38)*F38<0,0,(1+H38)*F38) -> 99.30422 | N38: =M38*E38 -> 9.930422e-18 | O38: {=_xlfn.STOCKHISTORY(C38,TODAY(),TODAY(),0,0,1)} -> 104 | P38: =IFERROR(O38*E38,G38) -> 1.04e-17 | Q38: =P38-G38 -> 1.74e-18 | R38: =F38/(1+I38-H38) -> 81.383329 | S38: =M38-F38 -> 12.70422 | T38: =0.5*(R38-F38) -> -2.6083357 | U38: =S38+T38 -> 10.095884 | V38: =MAX($U$2:$U$280)-U38 -> 150.17629 | W38: =IFERROR((SUBTOTAL(109,$V$2:$V$1048576)/V38)/SUBTOTAL(109,$V$2:$V$1048576),0) -> 0.0066588408 | X38: =V38/MAX($V$2:$V$28) -> 0.85708489
A39: Automotive | B39: Aptive Autoparts | C39: APTV | D39: 45562 | E39: 1e-19 | F39: 56 | G39: =E39*F39 -> 5.6e-18 | H39: =IFERROR(INDEX(Sheet1!$B:$C,MATCH(Positions!$C39,Sheet1!$G:$G,0),1),2.5%) -> 0.0041 | I39: =IFERROR(INDEX(Sheet1!$B:$C,MATCH(Positions!$C39,Sheet1!$G:$G,0),2),25%) -> 0.4047 | J39: =IFERROR(H39/I39,"") -> 0.010130961 | K39: =IFERROR(J39/SUBTOTAL(9,$J$2:$J$1048576),"") -> 0.0091147204 | L39: =I39*G39 -> 2.26632e-18 | M39: =IF((1+H39)*F39<0,0,(1+H39)*F39) -> 56.2296 | N39: =M39*E39 -> 5.62296e-18 | O39: {=_xlfn.STOCKHISTORY(C39,TODAY(),TODAY(),0,0,1)} -> 66.66 | P39: =IFERROR(O39*E39,G39) -> 6.666e-18 | Q39: =P39-G39 -> 1.066e-18 | R39: =F39/(1+I39-H39) -> 39.982864 | S39: =M39-F39 -> 0.2296 | T39: =0.5*(R39-F39) -> -8.0085678 | U39: =S39+T39 -> -7.7789678 | V39: =MAX($U$2:$U$280)-U39 -> 168.05114 | W39: =IFERROR((SUBTOTAL(109,$V$2:$V$1048576)/V39)/SUBTOTAL(109,$V$2:$V$1048576),0) -> 0.0059505695 | X39: =V39/MAX($V$2:$V$28) -> 0.9591001
A40: Forex | B40: Mexican Peso | C40: USDMXN=X | D40: 45580 | E40: 1e-19 | F40: 17 | G40: =E40*F40 -> 1.7e-18 | H40: =IFERROR(INDEX(Sheet1!$B:$C,MATCH(Positions!$C40,Sheet1!$G:$G,0),1),2.5%) -> 0.0311 | I40: =IFERROR(INDEX(Sheet1!$B:$C,MATCH(Positions!$C40,Sheet1!$G:$G,0),2),25%) -> 0.1285 | J40: =IFERROR(H40/I40,"") -> 0.24202335 | K40: =IFERROR(J40/SUBTOTAL(9,$J$2:$J$1048576),"") -> 0.21774589 | L40: =I40*G40 -> 2.1845e-19 | M40: =IF((1+H40)*F40<0,0,(1+H40)*F40) -> 17.5287 | N40: =M40*E40 -> 1.75287e-18 | O40: {=_xlfn.STOCKHISTORY(C40,TODAY(),TODAY(),0,0,1)} -> 20.432 | P40: =IFERROR(O40*E40,G40) -> 2.0432e-18 | Q40: =P40-G40 -> 3.432e-19 | R40: =F40/(1+I40-H40) -> 15.491161 | S40: =M40-F40 -> 0.5287 | T40: =0.5*(R40-F40) -> -0.75441954 | U40: =S40+T40 -> -0.22571954 | V40: =MAX($U$2:$U$280)-U40 -> 160.49789 | W40: =IFERROR((SUBTOTAL(109,$V$2:$V$1048576)/V40)/SUBTOTAL(109,$V$2:$V$1048576),0) -> 0.0062306114 | X40: =V40/MAX($V$2:$V$28) -> 0.91599226
A41: Asia Consumer | B41: Yum China Holding | C41: YUMC | D41: 45574 | E41: 1e-19 | F41: 47.42 | G41: =E41*F41 -> 4.742e-18 | H41: =IFERROR(INDEX(Sheet1!$B:$C,MATCH(Positions!$C41,Sheet1!$G:$G,0),1),2.5%) -> 0.0852 | I41: =IFERROR(INDEX(Sheet1!$B:$C,MATCH(Positions!$C41,Sheet1!$G:$G,0),2),25%) -> 0.3636 | J41: =IFERROR(H41/I41,"") -> 0.23432343 | K41: =IFERROR(J41/SUBTOTAL(9,$J$2:$J$1048576),"") -> 0.21081835 | L41: =I41*G41 -> 1.7241912e-18 | M41: =IF((1+H41)*F41<0,0,(1+H41)*F41) -> 51.460184 | N41: =M41*E41 -> 5.1460184e-18 | O41: {=_xlfn.STOCKHISTORY(C41,TODAY(),TODAY(),0,0,1)} -> 47.29 | P41: =IFERROR(O41*E41,G41) -> 4.729e-18 | Q41: =P41-G41 -> -1.3e-20 | R41: =F41/(1+I41-H41) -> 37.093242 | S41: =M41-F41 -> 4.040184 | T41: =0.5*(R41-F41) -> -5.1633792 | U41: =S41+T41 -> -1.1231952 | V41: =MAX($U$2:$U$280)-U41 -> 161.39537 | W41: =IFERROR((SUBTOTAL(109,$V$2:$V$1048576)/V41)/SUBTOTAL(109,$V$2:$V$1048576),0) -> 0.0061959646 | X41: =V41/MAX($V$2:$V$28) -> 0.92111433
A42: Asia Consumer | B42: MSG | C42: DAR | D42: 45507 | E42: 1e-19 | F42: 41.8 | G42: =E42*F42 -> 4.18e-18 | H42: =IFERROR(INDEX(Sheet1!$B:$C,MATCH(Positions!$C42,Sheet1!$G:$G,0),1),2.5%) -> 0.0835 | I42: =IFERROR(INDEX(Sheet1!$B:$C,MATCH(Positions!$C42,Sheet1!$G:$G,0),2),25%) -> 0.3903 | J42: =IFERROR(H42/I42,"") -> 0.213938 | K42: =IFERROR(J42/SUBTOTAL(9,$J$2:$J$1048576),"") -> 0.19247779 | L42: =I42*G42 -> 1.631454e-18 | M42: =IF((1+H42)*F42<0,0,(1+H42)*F42) -> 45.2903 | N42: =M42*E42 -> 4.52903e-18 | O42: {=_xlfn.STOCKHISTORY(C42,TODAY(),TODAY(),0,0,1)} -> 38.39 | P42: =IFERROR(O42*E42,G42) -> 3.839e-18 | Q42: =P42-G42 -> -3.41e-19 | R42: =F42/(1+I42-H42) -> 31.986532 | S42: =M42-F42 -> 3.4903 | T42: =0.5*(R42-F42) -> -4.906734 | U42: =S42+T42 -> -1.416434 | V42: =MAX($U$2:$U$280)-U42 -> 161.68861 | W42: =IFERROR((SUBTOTAL(109,$V$2:$V$1048576)/V42)/SUBTOTAL(109,$V$2:$V$1048576),0) -> 0.0061847276 | X42: =V42/MAX($V$2:$V$28) -> 0.9227879
A43: Forex | B43: Japan Yen | C43: USDJPY=X | D43: 45574 | E43: 1e-19 | F43: 153.7552 | G43: =E43*F43 -> 1.537552e-17 | H43: =IFERROR(INDEX(Sheet1!$B:$C,MATCH(Positions!$C43,Sheet1!$G:$G,0),1),2.5%) -> 0.0227 | I43: =IFERROR(INDEX(Sheet1!$B:$C,MATCH(Positions!$C43,Sheet1!$G:$G,0),2),25%) -> 0.0884 | J43: =IFERROR(H43/I43,"") -> 0.25678733 | K43: =IFERROR(J43/SUBTOTAL(9,$J$2:$J$1048576),"") -> 0.23102889 | L43: =I43*G43 -> 1.359196e-18 | M43: =IF((1+H43)*F43<0,0,(1+H43)*F43) -> 157.24544 | N43: =M43*E43 -> 1.5724544e-17 | O43: {=_xlfn.STOCKHISTORY(C43,TODAY(),TODAY(),0,0,1)} -> 151.47 | P43: =IFERROR(O43*E43,G43) -> 1.5147e-17 | Q43: =P43-G43 -> -2.2852e-19 | R43: =F43/(1+I43-H43) -> 144.27625 | S43: =M43-F43 -> 3.490243 | T43: =0.5*(R43-F43) -> -4.7394748 | U43: =S43+T43 -> -1.2492318 | V43: =MAX($U$2:$U$280)-U43 -> 161.52141 | W43: =IFERROR((SUBTOTAL(109,$V$2:$V$1048576)/V43)/SUBTOTAL(109,$V$2:$V$1048576),0) -> 0.0061911299 | X43: =V43/MAX($V$2:$V$28) -> 0.92183364
A44: Industrials | B44: 3M | C44: MMM | D44: 45627 | E44: 1e-19 | F44: 133.53 | G44: =E44*F44 -> 1.3353e-17 | H44: =IFERROR(INDEX(Sheet1!$B:$C,MATCH(Positions!$C44,Sheet1!$G:$G,0),1),2.5%) -> 0.0409 | I44: =IFERROR(INDEX(Sheet1!$B:$C,MATCH(Positions!$C44,Sheet1!$G:$G,0),2),25%) -> 0.25 | J44: =IFERROR(H44/I44,"") -> 0.1636 | K44: =IFERROR(J44/SUBTOTAL(9,$J$2:$J$1048576),"") -> 0.14718922 | L44: =I44*G44 -> 3.33825e-18 | M44: =IF((1+H44)*F44<0,0,(1+H44)*F44) -> 138.99138 | N44: =M44*E44 -> 1.3899138e-17 | O44: {=_xlfn.STOCKHISTORY(C44,TODAY(),TODAY(),0,0,1)} -> 150.2 | P44: =IFERROR(O44*E44,G44) -> 1.502e-17 | Q44: =P44-G44 -> 1.667e-18 | R44: =F44/(1+I44-H44) -> 110.43752 | S44: =M44-F44 -> 5.461377 | T44: =0.5*(R44-F44) -> -11.546242 | U44: =S44+T44 -> -6.0848652 | V44: =MAX($U$2:$U$280)-U44 -> 166.35704 | W44: =IFERROR((SUBTOTAL(109,$V$2:$V$1048576)/V44)/SUBTOTAL(109,$V$2:$V$1048576),0) -> 0.0060111673 | X44: =V44/MAX($V$2:$V$28) -> 0.94943153
A45: Energy | B45: PG&E | C45: PCG | D45: 45627 | E45: 1e-19 | F45: 26.63 | G45: =E45*F45 -> 2.663e-18 | H45: =IFERROR(INDEX(Sheet1!$B:$C,MATCH(Positions!$C45,Sheet1!$G:$G,0),1),2.5%) -> -0.1193 | I45: =IFERROR(INDEX(Sheet1!$B:$C,MATCH(Positions!$C45,Sheet1!$G:$G,0),2),25%) -> 0.6034 | J45: =IFERROR(H45/I45,"") -> -0.19771296 | K45: =IFERROR(J45/SUBTOTAL(9,$J$2:$J$1048576),"") -> -0.17788029 | L45: =I45*G45 -> 1.6068542e-18 | M45: =IF((1+H45)*F45<0,0,(1+H45)*F45) -> 23.453041 | N45: =M45*E45 -> 2.3453041e-18 | O45: {=_xlfn.STOCKHISTORY(C45,TODAY(),TODAY(),0,0,1)} -> 15.66 | P45: =IFERROR(O45*E45,G45) -> 1.566e-18 | Q45: =P45-G45 -> -1.097e-18 | R45: =F45/(1+I45-H45) -> 15.458292 | S45: =M45-F45 -> -3.176959 | T45: =0.5*(R45-F45) -> -5.5858539 | U45: =S45+T45 -> -8.7628129 | V45: =MAX($U$2:$U$280)-U45 -> 169.03499 | W45: =IFERROR((SUBTOTAL(109,$V$2:$V$1048576)/V45)/SUBTOTAL(109,$V$2:$V$1048576),0) -> 0.005915935 | X45: =V45/MAX($V$2:$V$28) -> 0.96471509
A46: Health | B46: HCA Healthcare | C46: HCA | D46: 45630 | E46: 1e-19 | F46: 323.75 | G46: =E46*F46 -> 3.2375e-17 | H46: =IFERROR(INDEX(Sheet1!$B:$C,MATCH(Positions!$C46,Sheet1!$G:$G,0),1),2.5%) -> 0.1611 | I46: =IFERROR(INDEX(Sheet1!$B:$C,MATCH(Positions!$C46,Sheet1!$G:$G,0),2),25%) -> 0.3278 | J46: =IFERROR(H46/I46,"") -> 0.49145821 | K46: =IFERROR(J46/SUBTOTAL(9,$J$2:$J$1048576),"") -> 0.44215983 | L46: =I46*G46 -> 1.0612525e-17 | M46: =IF((1+H46)*F46<0,0,(1+H46)*F46) -> 375.90613 | N46: =M46*E46 -> 3.7590613e-17 | O46: {=_xlfn.STOCKHISTORY(C46,TODAY(),TODAY(),0,0,1)} -> 320.56 | P46: =IFERROR(O46*E46,G46) -> 3.2056e-17 | Q46: =P46-G46 -> -3.19e-19 | R46: =F46/(1+I46-H46) -> 277.49207 | S46: =M46-F46 -> 52.156125 | T46: =0.5*(R46-F46) -> -23.128964 | U46: =S46+T46 -> 29.027161 | V46: =MAX($U$2:$U$280)-U46 -> 131.24501 | W46: =IFERROR((SUBTOTAL(109,$V$2:$V$1048576)/V46)/SUBTOTAL(109,$V$2:$V$1048576),0) -> 0.0076193371 | X46: =V46/MAX($V$2:$V$28) -> 0.74904046

Sheet Sheet2
A3: Row Labels | B3: Initial Volume $ | C3: $% | D3: Volatility | E3: Target Return % | F3: Target P&L | G3: Actual Return % | H3: Actual P&L
A4: US Consumer | B4: 283.12184 | C4: 0.27415795 | D4: 0.22147012 | E4: 0.071773758 | F4: 20.320718 | G4: -0.025466209 | H4: -7.21004
A5: ETF | B5: 222.118 | C5: 0.21508554 | D5: 0.18592077 | E5: 0.041727775 | F5: 9.26849 | G5: 0.015672751 | H5: 3.4812
A6: Energy | B6: 220.93704 | C6: 0.21394197 | D6: 0.43949572 | E6: 0.053152981 | F6: 11.743462 | G6: -0.028620104 | H6: -6.323241
A7: Tech | B7: 155.61477 | C7: 0.15068787 | D7: 0.29723399 | E7: 0.23836727 | F7: 37.093467 | G7: 0.022745688 | H7: 3.539565
A8: Banking | B8: 94.882214 | C8: 0.091878158 | D8: 0.2937054 | E8: 0.15415633 | F8: 14.626694 | G8: 0.12702034 | H8: 12.051971
A9: Asia Consumer | B9: 46.022979 | C9: 0.04456585 | D9: 0.25428698 | E9: 0.069540324 | F9: 3.2004529 | G9: -0.037756487 | H9: -1.737666
A10: Health | B10: 9.99925 | C10: 0.0096826647 | D10: 0.5861 | E10: -0.1268 | F10: -1.2679049 | G10: -0.021851639 | H10: -0.2185
A11: Forex | B11: 2.9136552e-16 | C11: 2.8214063e-19 | D11: 0.14314073 | E11: 0.082904142 | F11: 2.4155408e-17 | G11: -0.94073163 | H11: -2.7409676e-16
A12: Industrials | B12: 1.3353e-17 | C12: 1.2930232e-20 | D12: 0.25 | E12: 0.0409 | F12: 5.461377e-19 | G12: 0.12484086 | H12: 1.667e-18
A13: Automotive | B13: 5.6e-18 | C13: 5.422699e-21 | D13: 0.4047 | E13: 0.0041 | F13: 2.296e-20 | G13: 0.19035714 | H13: 1.066e-18
A14: Grand Total | B14: 1032.6961 | C14: 1 | D14: 0.28351543 | E14: 0.091978057 | F14: 94.98538 | G14: 0.0034698388 | H14: 3.583289

Sheet Sheet1
A1: Nombre Ticker | B1: Annual Return | C1: Annual Volatility | D1: Monthly Return | E1: Monthly Volatility | F1: Chapter | G1: Ticker
A2: Gold Feb 25 | B2: 0.0866 | C2: 0.1463 | D2: 0.0072 | E2: 0.0422 | F2: Forex | G2: GC=F
A3: USD/MXN | B3: 0.0311 | C3: 0.1285 | D3: 0.0026 | E3: 0.0371 | F3: Forex | G3: USDMXN=X
A4: USD/JPY | B4: 0.0227 | C4: 0.0884 | D4: 0.0019 | E4: 0.0255 | F4: Forex | G4: USDJPY=X
A5: APA Corporation | B5: -0.0874 | C5: 0.6039 | D5: -0.0073 | E5: 0.1743 | F5: Energy | G5: APA
A6: YPF Sociedad Anonima | B6: 0.0419 | C6: 0.5351 | D6: 0.0035 | E6: 0.1545 | F6: Energy | G6: YPF
A7: Exelon Corporation | B7: 0.0869 | C7: 0.2453 | D7: 0.0072 | E7: 0.0708 | F7: Energy | G7: EXC
A8: NextEra Energy, Inc. | B8: 0.1212 | C8: 0.2454 | D8: 0.0101 | E8: 0.0708 | F8: Energy | G8: NEE
A9: First Solar, Inc. | B9: 0.123 | C9: 0.4784 | D9: 0.0102 | E9: 0.1381 | F9: Energy | G9: FSLR
A10: Maxeon Solar Technologies, Ltd. | B10: -1.4845 | C10: 1.3213 | D10: -0.1237 | E10: 0.3814 | F10: Energy | G10: MAXN
A11: Duke Energy Corporation (Holdin | B11: 0.0761 | C11: 0.2062 | D11: 0.0063 | E11: 0.0595 | F11: Energy | G11: DUK
A12: JinkoSolar Holding Company Limi | B12: 0.0119 | C12: 0.708 | D12: 0.001 | E12: 0.2044 | F12: Energy | G12: JKS
A13: SolarWinds Corporation | B13: 0.0482 | C13: 0.4264 | D13: 0.004 | E13: 0.1231 | F13: Energy | G13: SWI
... A41: 3M Company | B41: 0.0409 | C41: 0.25 | D41: 0.0034 | E41: 0.0722 | F41: Industrials | G41: MMM
